{
  "general": {
    "generateOverrideConfigs": {
      "value": false,
      "comment": "If true, then crafting and damage override config files, as well as language template files, will be dumped into the config folder at boot.  WARNING: this will overwrite your existing override config files!  Language files must be put into packs to function and will NOT overwrite anything."
    },
    "opSignEditingOnly": {
      "value": false,
      "comment": "If true, only OPs will be able to edit signs on servers.  Does not affect client worlds."
    },
    "opPickupVehiclesOnly": {
      "value": false,
      "comment": "If true, only OPs will be able to pick up vehicles with wrenches.  Does not affect client worlds."
    },
    "creativePickupVehiclesOnly": {
      "value": false,
      "comment": "If true, vehicles can only be picked up in creative mode."
    },
    "keyRequiredToStartVehicles": {
      "value": false,
      "comment": "If true, vehicles can only be started if the player has the key in their hand."
    },
    "noclipVehicles": {
      "value": false,
      "comment": "If true, vehicles will not be able to collide with blocks.  This also prevents them from moving if they do not have wheels on them, as otherwise they would phase through the ground into the void."
    },
    "chunkloadVehicles": {
      "value": true,
      "comment": "If true, vehicles will be chunkloaded when on roads/tracks.  This allows them to travel into unloaded chunks."
    },
    "doLegacyLightCompats": {
      "value": true,
      "comment": "If true, legacy compatibility code will be performed on all models to make their lights work with newer versions.  This code will significantly slow down boot times due to needing to parse all models on boot, however, packs may not have functional lights without it.  Choose wisely if you want speed or features."
    },
    "useHSV": {
      "value": false,
      "comment": "If enabled, the MTS dev mode will export color values as HSV instead of hex."
    },
    "allPlanesWithNav": {
      "value": false,
      "comment": "If true, all planes will have the ability to use beacons for navigation.  This is false to allow pack authors to define new/old planes that have this capability, but can be turned on if you don't care about realism."
    },
    "giveManualsOnJoin": {
      "value": true,
      "comment": "If true, then whenever a new player joins a world, they will be given a copy of the mod manuals."
    },
    "performModCompatFunctions": {
      "value": true,
      "comment": "If true, mod compatibility functions will be executed.  Should be true unless you're configuring a modpack and know and have addressed the various incompatibilities."
    },
    "devMode": {
      "value": false,
      "comment": "If enabled, MTS will allow access to the dev mode GUI while sitting in vehicles.  The GUI allows editing JSONs in-game without the need to restart."
    },
    "roadMaxLength": {
      "value": 32,
      "comment": "How long a single segment of road can be, in blocks.  While you can have longer segements, be aware they have more collision boxes and will generate more lag when broken or interacted with, and may not render if outside the chunk they are in.  Must be a whole number."
    },
    "aircraftSpeedFactor": {
      "value": 0.35,
      "comment": "Factor to apply to aircraft movement.  1 is the realistic value, but this makes vehicles move too fast for Minecraft. Adjust with caution."
    },
    "carSpeedFactor": {
      "value": 0.35,
      "comment": "Factor to apply to car movement.  1 is the realistic value, but this makes vehicles move too fast for Minecraft. Adjust with caution."
    },
    "fuelUsageFactor": {
      "value": 1.0,
      "comment": "Factor times which engines use fuel.  Change this if you think engines use fuel too fast or slow.  Setting it to 0 will disable fuel and allow engines to run without it."
    },
    "engineHoursFactor": {
      "value": 1.0,
      "comment": "Factor times which engines hours accumulate.  Change this if you want to adjust how fast engines wear out."
    },
    "climbSpeed": {
      "value": 0.125,
      "comment": "How far a vehicle will 'climb' blocks every tick when the wheels go into the ground.  Higher values make vehicles climb blocks quicker at the cost of smooth movement."
    },
    "gravityFactor": {
      "value": 1.0,
      "comment": "Factor for gravitational forces applied to vehicles.  Can be adjusted if you think cars are too 'floaty'.  Does not affect aircraft."
    },
    "maxFlightHeight": {
      "value": 0.0,
      "comment": "How high planes can fly.  Setting this to 0 (default) will allow planes to fly as high as their natural physics allows.  Useful if you want to cap vertical height for some reason."
    },
    "engineSpeedTempFactor": {
      "value": 1.0,
      "comment": "Factor for how RPM affects engine temp.  Higher values will make engines heat up quicker at higher RPMs."
    },
    "engineBiomeTempFactor": {
      "value": 1.0,
      "comment": "Factor for how biome temp affects engine temp.  Higher values will make engines heat up quicker in hotter biomes."
    },
    "rfToElectricityFactor": {
      "value": 0.02,
      "comment": "Factor for converting RF to internal electicity for vehicles.  Default value is 1/100, but can be adjusted."
    },
    "vehicleDeathDespawnTime": {
      "value": 0.0,
      "comment": "Time (in seconds) between when vehicles reach 0 health and they de-spawn.  Normally 0, which means they never de-spawn."
    },
    "seaLevel": {
      "value": 63,
      "comment": "The Y-Level that will be used to base altitude off of. Will also be factored in for engine performance calculations. Change only if you know what you're doing/ why this matters to engines/flying."
    },
    "engineDimensionBlacklist": {
      "value": [],
      "comment": "Blacklist of dimension names where engines will be prevented from being started.  Can be used to disable vehicles in specific dimensions.  Think Galacticraft, where you don't want folks flying planes on the moon."
    },
    "engineDimensionWhitelist": {
      "value": [],
      "comment": "Whitelist of dimension names where engines will only be alowed to work.  Overrides the blacklist if this exists."
    },
    "packVehicleScales": {
      "value": {
        "auweschveb": 1.0,
        "auweschvebh": 1.0,
        "auweschvebx": 1.0,
        "auweschvebm": 1.0,
        "mts": 1.0,
        "iavm": 1.0,
        "iav": 1.0,
        "mtsofficialpack": 1.0,
        "cmaaviationtransport": 1.0,
        "cmamilitarytransport": 1.0,
        "cmactruckpartsfortransport": 1.0,
        "helicopterpack": 1.0,
        "cmacitizenstransport": 1.0,
        "cmapartsfortransport": 1.0,
        "unudecor": 1.0,
        "unupartsexpanded": 1.0,
        "unuparts": 1.0,
        "unucustom": 1.0,
        "unumilitary": 1.0
      },
      "comment": "Scale of all vehicles for this pack.  You probably won't want to change this, but if you do want the vehicles to be smaller for some reason, you can."
    },
    "packSpeedFactors": {
      "value": {
        "auweschveb": 1.0,
        "auweschvebh": 1.0,
        "auweschvebx": 1.0,
        "auweschvebm": 1.0,
        "mts": 1.0,
        "iavm": 1.0,
        "iav": 1.0,
        "mtsofficialpack": 1.0,
        "cmaaviationtransport": 1.0,
        "cmamilitarytransport": 1.0,
        "cmactruckpartsfortransport": 1.0,
        "helicopterpack": 1.0,
        "cmacitizenstransport": 1.0,
        "cmapartsfortransport": 1.0,
        "unudecor": 1.0,
        "unupartsexpanded": 1.0,
        "unuparts": 1.0,
        "unucustom": 1.0,
        "unumilitary": 1.0
      },
      "comment": "A mapping of pack-speciifc speed factors.  These values will only apply to the vehicles in the pack modified.  This allows for speeding up packs with slower vehicles, or slowing down packs with fast vehicles for a more even play experience.  Note that this applies on top of the global speed factor.  So if that is set to 0.30, and a pack is set to 0.5, then the total speed factor will be 0.15"
    },
    "itemWeights": {
      "comment1": "The following section is used for calculating item weights.  Any item that contains the text bits will have its weight multiplied by the following factor.",
      "comment2": "This mass factors into vehicle performance, with particular emphasis on vehicle payloads.  Some defaults are presented here, but you can add/remove to your liking.",
      "comment3": "Note that the part of the name searched is the item's registry name, NOT the in-game display name.  This is similar to what is in the /give command.",
      "weights": {
        "gold": 4.0,
        "diamond": 4.0,
        "ore": 2.5,
        "iron": 4.0,
        "coal": 2.0,
        "stone": 1.5
      }
    },
    "joinedPlayers": {
      "value": [
        "bd9ccae3-bdb4-4b32-9647-b521b1837933",
        "bc0d2dec-a8f3-42d3-8e99-1232bf0c0e21"
      ],
      "comment": "Listing of players that have joined this world.  Players will be given the manual on their first join."
    }
  },
  "damage": {
    "bulletBlockBreaking": {
      "value": true,
      "comment": "Whether or not bullets/bombs can break blocks when they hit them.  This will also disable explosive block breakage (though not explosions themselves) and prevent incendiary bullets from setting blocks on fire."
    },
    "bulletExplosions": {
      "value": true,
      "comment": "Whether or not bullets/bombs will blow up.  This does not disable block breakage, but it will pretty much nerf all block mass-destruction weapons."
    },
    "vehicleBlockBreaking": {
      "value": true,
      "comment": "Whether or not vehicles can break blocks when they run into them.  If false, vehicles will simply stop when they hit blocks."
    },
    "vehicleDestruction": {
      "value": true,
      "comment": "Whether or not vehicles can be destroyed by ramming into blocks at high speeds.  Set this to false if you don't like loosing vehicles to badly-placed walls."
    },
    "vehicleExplosions": {
      "value": true,
      "comment": "Whether or not vehicles explode when crashed or shot down.  If this is false, vehicles will simply poof when they crash."
    },
    "creativePlayerDamage": {
      "value": false,
      "comment": "If true, damage from vehicles and guns will be applied to creative players.  Not sure why you'd want this, but it's here."
    },
    "wheelBreakage": {
      "value": true,
      "comment": "Whether or not wheels can be broken (go flat)."
    },
    "wheelDamageIgnoreVelocity": {
      "value": false,
      "comment": "Whether or not velocity is ignored when calculating wheel damage."
    },
    "allowExternalDamage": {
      "value": false,
      "comment": "Whether or not non-IV things can damage vehicles.  This is normally false, as external damage is a hassle for most people, but can be true if you want other mod's guns to be able to attack vehicles in addition to IV's."
    },
    "propellerDamageFactor": {
      "value": 1.0,
      "comment": "Factor for damage caused by a propeller."
    },
    "jetDamageFactor": {
      "value": 1.0,
      "comment": "Factor for damage caused by a jet engine."
    },
    "wheelDamageFactor": {
      "value": 1.0,
      "comment": "Factor for damage caused by wheels on vehicles."
    },
    "crashDamageFactor": {
      "value": 1.0,
      "comment": "Factor for damage caused by crashes."
    },
    "bulletDamageFactor": {
      "value": 1.0,
      "comment": "Factor for damage caused by bullets on vehicles."
    },
    "wheelDamageMinimumVelocity": {
      "value": 0.2,
      "comment": "Minimum velocity (blocks/second) which vehicles must be going to damage entities with their wheels."
    },
    "packBulletDamageFactors": {
      "value": {
        "auweschveb": 1.0,
        "auweschvebh": 1.0,
        "auweschvebx": 1.0,
        "auweschvebm": 1.0,
        "mts": 1.0,
        "iavm": 1.0,
        "iav": 1.0,
        "mtsofficialpack": 1.0,
        "cmaaviationtransport": 1.0,
        "cmamilitarytransport": 1.0,
        "cmactruckpartsfortransport": 1.0,
        "helicopterpack": 1.0,
        "cmacitizenstransport": 1.0,
        "cmapartsfortransport": 1.0,
        "unudecor": 1.0,
        "unupartsexpanded": 1.0,
        "unuparts": 1.0,
        "unucustom": 1.0,
        "unumilitary": 1.0
      },
      "comment": "A mapping of pack-speciifc bullet damage factors.  These values will apply to all bullets in a pack when they hit something, be it a vehicle or entity."
    }
  },
  "fuel": {
    "comment1": "The following section is used for fuel configs for engines.  Each entry here is a single fuel type for engines.",
    "comment2": "Inside each entry exist values for the potency of the fluids that can be considered to be that fuel type.",
    "comment3": "You can make engines take different types of fluids for their fuels by editing these values.  See the in-game handbook for more information.",
    "comment4": "If you are having troubles getting the name for a particular fluid, run the game with the mods you want and check the 'lastLoadedFluids' list.  This contains all the fluids that were present during the last run of the game.",
    "comment5": "The first entry in the list is the registered fluid name, while the second entry will be the displayed name.  Only use the first name, as the second name changes based on game language settings.",
    "fuels": {
      "diesel": {
        "creosote": 0.7,
        "diesel": 1.0,
        "lava": 1.0,
        "oil": 0.5,
        "biodiesel": 0.8
      },
      "furnace": {
        "lava": 1.0
      },
      "avgas": {
        "lava": 1.0,
        "gasoline": 1.0
      },
      "electricity": {
        "lava": 1.0
      },
      "gasoline": {
        "lava": 1.0,
        "gasoline": 1.0,
        "ethanol": 0.85
      }
    },
    "lastLoadedFluids": {
      "seed_oil": "Seed Oil",
      "gtfo_polenta": "Polenta",
      "construction_alloy": "Molten Iron Alloy",
      "yttrium_barium_cuprate": "Liquid Yttrium Barium Cuprate",
      "binnie.brandy.elderberry": "Elderberry Brandy",
      "realgar": "Molten Realgar",
      "dwarven_ale": "Ale",
      "palladium": "Liquid Palladium",
      "fiery_essence": "Fiery Essence",
      "crude_oil": "Crude Oil",
      "bronze": "Molten Bronze",
      "gtfo_marshmallow_syrup_mixture": "Marshmallow Syrup Mixture",
      "binnie.whiskey": "Whiskey",
      "severely_steamcracked_light_fuel": "Severely Steam-Cracked Light Fuel",
      "molten.niobium_nitride": "Molten Niobium Nitride",
      "gtfo_soy_lecithin": "Soy Lecithin",
      "redstone": "Destabilized Redstone",
      "niobium_titanium": "Liquid Niobium-Titanium",
      "wine": "Wine",
      "cinderfire_wort": "Cinderfire Wort",
      "binnie.brandy.plum": "Plum Brandy",
      "ethenone": "Ethenone",
      "gtfo_skimmed_milk": "Skim Milk",
      "essence": "Essence",
      "diphenyl_isophthalate": "Diphenyl Isophthalate",
      "fuelcolumn": "fluid.fuelcolumn",
      "cider": "Cider",
      "gold": "Molten Gold",
      "binnie.resin": "Resin",
      "liquid_ender_air": "Liquid Ender Air",
      "radwater_fluid": "Radiated Water",
      "nacre_fluid": "Nacre",
      "potion_lingering": "Lingering Potion",
      "quartzite": "Molten Quartzite",
      "electrum": "Molten Electrum",
      "salt": "Molten Salt",
      "potin": "Liquid Potin",
      "fermented_biomass": "Fermented Biomass",
      "dye_red": "Chemical Red Dye",
      "helium": "Helium Gas",
      "naquadah_enriched": "Liquid Enriched Naquadah",
      "gtfo_rainbow_sap": "Rainbow Sap",
      "naquadah_molten_alloy": "Liquid Naquadah Alloy",
      "gtfo_crude_rennet_solution": "Crude Rennet Solution",
      "blood": "Blood",
      "gtfo_vitello_tonnato_flavorant": "Vitello Tonnato Flavorant",
      "binnie.cider.peach": "Peach Cider",
      "liquidethene": "Liquid Ethylene",
      "naquadah_molten_refined": "Refined Naquadah",
      "if.ore_fluid_fermented": "Fermented Ore Meat",
      "red_steel": "Liquid Red Steel",
      "gtfo_fermented_red_grapes_must": "Fermented Red Grapes Must",
      "silicon_molten_blue": "Teleportation Blend",
      "almandine": "Molten Almandine",
      "sodium_potassium": "Sodium Potassium",
      "gtfo_raw_soybean_oil": "Raw Soybean Oil",
      "severely_steamcracked_heavy_fuel": "Severely Steam-Cracked Heavy Fuel",
      "gtfo_nilk": "Nilk",
      "binnie.ciderpear": "Pear Cider",
      "knightslime": "Molten Knightslime",
      "trinium_molten": "Molten Trinium",
      "acid": "Hydrogen Peroxide",
      "binnie.brandy.fruit": "Fruit Brandy",
      "plasma.iron": "Iron Plasma",
      "bismuth_bronze": "Liquid Bismuth Bronze",
      "gtfo_rabbit_stew": "Rabbit Stew",
      "tin": "Molten Tin",
      "viscous_wort": "Viscous Wort",
      "rhodium_plated_palladium": "Liquid Rhodium Plated Palladium",
      "gtfo_cocoa_butter": "Cocoa Butter",
      "boiling_wormwood": "Boiling Verdigris",
      "hydrocracked_butene": "Hydro-Cracked Butene",
      "ender_distillation": "Dew of the Void",
      "binnie.spirit.gin": "Gin",
      "arsenic": "Arsenic Vapor",
      "gtfo_x_phenothiazine_ii_propyl_chloride": "10-Phenothiazine-2-propyl chloride",
      "base_essence": "Molten Base Essence",
      "sand": "Quicksand",
      "gtfo_vodka": "Vodka",
      "light_fuel": "Light Fuel",
      "gtfo_milk_colloid": "Milk Colloid",
      "mushroom_stew": "Mushroom Stew",
      "methane": "Methane Gas",
      "molten.stellite_100": "Molten Stellite-100",
      "emerald": "Molten Emerald",
      "binnie.wine.pineapple": "Pineapple Wine",
      "molten.zeron_100": "Molten Zeron-100",
      "cerium": "Liquid Cerium",
      "gasoline": "Gasoline",
      "heavywater": "Heavy Water",
      "sulfuric_light_fuel": "Sulfuric Light Fuel",
      "molten.samarium_iron_arsenic_oxide": "Molten Samarium Iron Arsenic Oxide",
      "lumium": "Molten Lumium",
      "boiling_potato_juice": "Boiling Potato Juice",
      "xu_evil_metal": "Evil Infused Iron",
      "sas3": "Schrabidium Trisulfide",
      "veshoney": "fluid.veshoney",
      "binnie.spirit.neutral": "Neutral Spirit",
      "dye_magenta": "Chemical Magenta Dye",
      "nitrogen": "Nitrogen Gas",
      "shimmerdew_spirits": "Shimmerdew Spirits",
      "tantalum_carbide": "Liquid Tantalum Carbide",
      "sulfuric_copper_solution": "Sulfuric Copper Solution",
      "salt_water": "Salt Water",
      "tantalum": "Liquid Tantalum",
      "chloromethane": "Chloromethane",
      "bismuth": "Liquid Bismuth",
      "hydrocracked_butadiene": "Hydro-Cracked Butadiene",
      "heavy_fuel": "Heavy Fuel",
      "binnie.brandy.apple": "Apple Brandy",
      "lightly_hydrocracked_naphtha": "Lightly Hydro-Cracked Naphtha",
      "fluidedmana": "Fluided Mana",
      "dye_light_gray": "Chemical Light Gray Dye",
      "gtfo_sodium_stearate": "Sodium Stearate (Soap)",
      "glowstone": "Energized Glowstone",
      "for.honey": "Honey",
      "tungsten": "Liquid Tungsten",
      "molten.black_bronze": "Molten Black Bronze",
      "indium_tin_barium_titanium_cuprate": "Liquid Indium Tin Barium Titanium Cuprate",
      "toxic_fluid": "Sellaline",
      "uranium_rhodium_dinaquadide": "Liquid Uranium Rhodium Dinaquadide",
      "plasma.nickel": "Nickel Plasma",
      "severely_hydrocracked_light_fuel": "Severely Hydro-Cracked Light Fuel",
      "hydrochloric_acid": "Hydrochloric Acid",
      "binnie.liquor.pear": "Pear Liquor",
      "binnie.juice.tomato": "Tomato Juice",
      "gtfo_unheated_cane_syrup": "Unheated Cane Syrup",
      "grossular": "Molten Grossular",
      "steamcracked_ethane": "Steam-Cracked Ethane",
      "binnie.wine.plum": "Plum Wine",
      "lightly_steamcracked_naphtha": "Lightly Steam-Cracked Naphtha",
      "ender_air": "Ender Air",
      "gtfo_molten_dark_chocolate": "Molten Dark Chocolate",
      "end_steel": "Molten End Steel",
      "gtfo_orange_extract": "Orange Juice",
      "gtfo_sodium_arsenite_solution": "Sodium Arsenite Solution",
      "molten.ultimet": "Molten Ultimet",
      "ender_biotite": "Molten Ender Biotite",
      "plasma.oxygen": "Oxygen Plasma",
      "silver": "Molten Silver",
      "vibrant_alloy": "Molten Vibrant Alloy",
      "nitro_fuel": "Cetane-Boosted Diesel",
      "gtfo_blood": "Blood",
      "coolant": "Coolant",
      "air": "Air",
      "gtfo_purple_drink": "Purple Drink",
      "vinyl_chloride": "Vinyl Chloride",
      "gtfo_mushroom_soup": "Mushroom Stew",
      "niobium_nitride": "Liquid Niobium Nitride",
      "niobium": "Liquid Niobium",
      "gtfo_lemon_lime_sludge": "Lemon-Lime Sludge",
      "binnie.liqueur.cinnamon": "Cinnamon Liqueur",
      "dimethylamine": "Dimethylamine",
      "hootch": "Hootch",
      "xu_enchanted_metal": "Enchanted Metal",
      "astralsorcery.liquidstarlight": "Liquid Starlight",
      "mc_guffium_239": "McGuffium 239",
      "boiling_beetroot_soup": "Boiling Beetroot Soup",
      "binnie.juice.pineapple": "Pineapple Juice",
      "binnie.liqueur.cherry": "Cherry Liqueur",
      "gtfo_butter": "Butter",
      "gtfo_baking_soda_solution": "Baking Soda Solution",
      "binnie.vodka": "Vodka",
      "binnie.bacteria.poly": "Polymerising Bacteria",
      "samarium_iron_arsenic_oxide": "Liquid Samarium Iron Arsenic Oxide",
      "naquadria_solution": "Naquadria Solution",
      "pcb_coolant": "Dielectric PCB Coolant",
      "plutonium_241": "Liquid Plutonium 241",
      "gtfo_carbonara_sauce": "Carbonara Sauce",
      "gtfo_pesto": "Pesto",
      "acetone": "Acetone",
      "bacteria": "Bacteria",
      "plasma_xm": "Xenon-Mercury Plasma",
      "molten.hsss": "Molten HSS-S",
      "fuel": "Gasoline",
      "nitric_oxide": "Nitric Oxide",
      "steamcracked_butadiene": "Steam-Cracked Butadiene",
      "deuterium": "Deuterium Gas",
      "molten.incoloy_ma_956": "Molten Incoloy-MA956",
      "gtfo_curdling_parmigiano_reggiano": "Curdling Parmigiano-Reggiano",
      "butyraldehyde": "Butyraldehyde",
      "ale": "Ale",
      "sulfuric_heavy_fuel": "Sulfuric Heavy Fuel",
      "gtfo_cold_moist_air": "Cold Moist Air",
      "molten.titanium_tungsten_carbide": "Molten Titanium Tungsten Carbide",
      "nickel_zinc_ferrite": "Liquid Nickel Zinc Ferrite",
      "brass": "Molten Brass",
      "dichlorobenzidine": "3,3-Dichlorobenzidine",
      "gtfo_potato_juice": "Potato Juice",
      "binnie.mash.wheat": "Fermented Wheat Mash",
      "plasma.nitrogen": "Nitrogen Plasma",
      "molten.hssg": "Molten HSS-G",
      "binnie.liquor.fruit": "Fruit Liquor",
      "liquidtritium": "Liquid Tritium",
      "uranium": "Liquid Uranium 238",
      "hydrocracked_butane": "Hydro-Cracked Butane",
      "molten.hsse": "Molten HSS-E",
      "canolaoil": "Canola Oil",
      "sulfuricacid": "Sulfuric Acid",
      "plasma.tin": "Tin Plasma",
      "depleted_uranium_hexafluoride": "Depleted Uranium Hexafluoride",
      "aquamarine": "Molten Aquamarine",
      "oil_dwarf": "Dwarven Oil",
      "cinnabar": "Molten Cinnabar",
      "binnie.beer.corn": "Corn Beer",
      "mercury_barium_calcium_cuprate": "Liquid Mercury Barium Calcium Cuprate",
      "molten.nichrome": "Molten Nichrome",
      "liquid.neon": "Neon Liquid",
      "spessartine": "Molten Spessartine",
      "vodka": "Potato Vodka",
      "signalum": "Molten Signalum",
      "gtfo_lemon_extract": "Lemon Extract",
      "naquadria": "Liquid Naquadria",
      "dimethylbenzene": "Dimethylbenzene",
      "tritanium": "Liquid Tritanium",
      "diaminobenzidine": "3,3-Diaminobenzidine",
      "polyphenylene_sulfide": "Liquid Polyphenylene Sulfide",
      "plasma.argon": "Argon Plasma",
      "neon": "Neon Gas",
      "molten.vanadium_gallium": "Molten Vanadium-Gallium",
      "biogas": "Biogas",
      "indium": "Liquid Indium",
      "quartz": "Molten Quartz",
      "crystaloil": "Crystallized Oil",
      "naquadah_molten_raw": "Liquid Naquadah",
      "binnie.wine.elderberry": "Elderberry Wine",
      "binnie.liqueur.blackberry": "Blackberry Liqueur",
      "naquadria_waste": "Naquadria Waste",
      "dimethyldichlorosilane": "Dimethyldichlorosilane",
      "dragonsteel_ice": "Molten Ice Dragonsteel",
      "epichlorohydrin": "Epichlorohydrin",
      "dark_steel": "Molten Dark Steel",
      "nitrogen_dioxide": "Nitrogen Dioxide",
      "propane": "Propane",
      "manyullyn": "Molten Manyullyn",
      "gtfo_isopropyl_chloride": "Isopropyl Chloride",
      "binnie.cider.apple": "Cider",
      "vibranium": "Molten Vibranium",
      "elementium": "Molten Elementium",
      "purpleslime": "Liquid Purple Slime",
      "enriched_bacterial_sludge": "Enriched Bacterial Sludge",
      "polyvinyl_acetate": "Polyvinyl Acetate",
      "protein": "Protein",
      "liquidhydrogen": "Liquid Hydrogen",
      "lapis": "Molten Lapis",
      "gtfo_olive_oil": "Olive Oil",
      "deadblood": "Dead Blood",
      "steamcracked_butane": "Steam-Cracked Butane",
      "sapphire": "Molten Sapphire",
      "molten.magnesium_diboride": "Molten Magnesium Diboride",
      "binnie.juice.red.grape": "Red Grape Juice",
      "bitumen": "Bitumen",
      "gtfo_bechamel_sauce": "Bechamel Sauce",
      "binnie.juice.cherry": "Cherry Juice",
      "binnie.liqueur.raspberry": "Raspberry Liqueur",
      "sodalite": "Molten Sodalite",
      "gtfo_albumen": "Albumen",
      "tamoltenauroriansteel": "Molten Aurorian Steel",
      "hydrocracked_ethane": "Hydro-Cracked Ethane",
      "liquidsodium": "Liquid Sodium",
      "wood_vinegar": "Wood Vinegar",
      "binnie.wine.red": "Red Wine",
      "oil_heavy": "Heavy Oil",
      "vanadium": "Liquid Vanadium",
      "nitan": "NITAN© 100 Octane Super Fuel",
      "plasma_dt": "Deuterium-Tritium Plasma",
      "titanium_tetrachloride": "Titanium Tetrachloride",
      "dye_white": "Chemical White Dye",
      "blue_alloy": "Liquid Blue Alloy",
      "aluminum": "Molten Aluminum",
      "clay": "Molten Clay",
      "binnie.liqueur.anise": "Anise Liqueur",
      "butane": "Butane",
      "prudentium": "Molten Prudentium",
      "rtm_alloy": "Liquid RTM Alloy",
      "binnie.dna.raw": "Raw DNA",
      "poison": "Poison",
      "dimensional_shard": "Molten Dimensional Shard",
      "gtfo_alkaline_extract": "Alkaline Extract",
      "binnie.juice.banana": "Banana Juice",
      "binnie.wine.sparkling": "Sparkling Wine",
      "refined_biofuel": "Grassoline",
      "fluid_molten_ignis": "Molten Fire Infused Thaumium",
      "wildberrywine": "Wildberry Wine",
      "cyclohexane": "Cyclohexane",
      "drilling_fluid": "Drilling Fluid",
      "fierymetal": "Molten Fiery",
      "gtfo_whey_salt_water_mix": "Whey/Salt Water Mix",
      "gtfo_molten_milk_chocolate": "Molten Milk Chocolate",
      "gtfo_unpasteurized_skimmed_milk": "Unpasteurized Skimmed Milk",
      "fire_water": "Fire Water",
      "gtfo_glyoxylic_acid": "Glyoxylic Acid",
      "graphite": "Molten Graphite",
      "spentsteam": "Low-Pressure Steam",
      "molybdenum_disilicide": "Liquid Molybdenum Disilicide",
      "impure_enriched_naquadah_solution": "Impure Enriched Naquadah Solution",
      "gtfo_activated_buffalo_milk": "Activated Buffalo Milk",
      "pigiron": "Molten Pigiron",
      "uranium_triplatinum": "Liquid Uranium Triplatinum",
      "beryllium": "Liquid Beryllium",
      "gtfo_chicken_broth": "Chicken Broth",
      "ardite": "Molten Ardite",
      "dwarfstaralloy": "Molten Dwarf Star Alloy",
      "binnie.wine.tomato": "Tomato Wine",
      "binnie.wine.cherry": "Cherry Wine",
      "glass": "Liquid Glass",
      "aqua_regia": "Aqua Regia",
      "glycerol": "Glycerol",
      "tetrafluoroethylene": "Tetrafluoroethylene",
      "gtfo_acidic_milk_solution": "Acidic Milk Solution",
      "dilithium": "Molten Dilithium",
      "sulfuric_acid": "Sulfuric Acid",
      "gtfo_clarified_white_wort": "Clarified White Wort",
      "liquidfusionfuel": "Liquid D-T Fuel",
      "binnie.whiskey.corn": "Bourbon",
      "binnie.wine.banana": "Banana Wine",
      "radon": "Radon Gas",
      "gtfo_stearin": "Liquid Fat (Stearin)",
      "neutronium": "Liquid Neutronium",
      "wastegas": "Gaseous Nuclear Waste",
      "hydrocracked_propene": "Hydro-Cracked Propene",
      "wood_gas": "Wood Gas",
      "plasma_put": "Plutonium-Tritium Plasma",
      "lava": "Lava",
      "silicone_rubber": "Liquid Silicone Rubber",
      "charcoal_byproducts": "Charcoal Byproducts",
      "topaz": "Molten Topaz",
      "rock_salt": "Molten Rock Salt",
      "if.protein": "Protein",
      "binnie.beer.lager": "Lager",
      "pain": "Pandemonium(III)tantalite Solution",
      "gtfo_cranberry_extract": "Cranberry Extract",
      "binnie.beer.stout": "Stout",
      "epoxy": "Liquid Epoxy Resin",
      "alchemical_redstone": "Alchemical Slurry",
      "watz": "Watz Mud",
      "osmium": "Liquid Osmium",
      "hotsteam": "Dense Steam",
      "gallium": "Liquid Gallium",
      "chlorine": "Chlorine Gas",
      "gtfo_pasta_e_fagioli_base": "Pasta e fagioli Base",
      "liquid_osmiridium": "Osmiridic Solution",
      "purified_water": "Purified Water",
      "silicon": "Liquid Silicon",
      "purifying_fluid": "Purifying Fluid",
      "plasma_bf": "Balefire Plasma",
      "alewort": "Ale Wort",
      "binnie.mash.grain": "Fermented Grain Mash",
      "toluene": "Toluene",
      "enriched_naquadah_solution": "Enriched Naquadah Solution",
      "potion_splash": "Splash Potion",
      "ultimet": "Liquid Ultimet",
      "ammonia": "Ammonia",
      "binnie.growth.medium": "Growth Medium",
      "propene": "Propene",
      "indium_concentrate": "Indium Concentrate",
      "hydrogen": "Hydrogen Gas",
      "fluid_molten_terra": "Molten Earth Infused Thaumium",
      "garnet_yellow": "Molten Garnet Yellow",
      "liquid_nitrogen": "Liquid Nitrogen",
      "etchacid": "Etching Acid",
      "rocketfuel": "Rocket Fuel",
      "binnie.latex": "Latex",
      "tree_oil": "Tree Oil",
      "carbon": "Liquid Carbon",
      "acidic_enriched_naquadah_solution": "Acidic Enriched Naquadah Solution",
      "gtfo_fertilizer_solution": "Fertilizer Solution",
      "silicon_molten_yellow": "Light Blend",
      "biofuel": "Biofuel",
      "gtfo_lactic_acid_bacteria": "Lactic Acid Bacteria",
      "hypochlorous_acid": "Hypochlorous Acid",
      "magnesium": "Liquid Magnesium",
      "hydrofluoric_acid": "Hydrofluoric Acid",
      "binnie.whiskey.wheat": "Wheat Whiskey",
      "binnie.brandy.apricot": "Apricot Brandy",
      "vanadium_steel": "Liquid Vanadiumsteel",
      "silicon_molten_pegasus": "Pegasus Blend",
      "molten.tungsten_carbide": "Molten Tungstencarbide",
      "acidic_naquadria_solution": "Acidic Naquadria Solution",
      "phenol": "Phenol",
      "gtfo_molten_unsweetened_chocolate": "Molten Unsweetened Chocolate",
      "naphthalene": "Naphthalene",
      "gtfo_whey": "Whey",
      "lazurite": "Molten Lazurite",
      "cobalt": "Molten Cobalt",
      "raw_gasoline": "Raw Gasoline",
      "psimetal": "Molten Psimetal",
      "apatite": "Molten Apatite",
      "europium": "Liquid Europium",
      "steamcracked_ethylene": "Steam-Cracked Ethylene",
      "binnie.liqueur.hazelnut": "Hazelnut Liqueur",
      "butene": "Butene",
      "ruby_slurry": "Ruby Slurry",
      "ruthenium_trinium_americium_neutronate": "Liquid Ruthenium Trinium Americium Neutronate",
      "lightly_hydrocracked_light_fuel": "Lightly Hydro-Cracked Light Fuel",
      "lpg": "LPG",
      "binnie.fermented.potatoes": "Fermented Potatoes",
      "gtfo_sweetened_diluted_cane_syrup_mixture": "Sweetened Diluted Cane Syrup Mixture",
      "gelatin_mixture": "Gelatin Mixture",
      "mud_fluid": "Oxidized Watz Mud",
      "gtfo_cranberry_soda_syrup": "Cranberry Soda Syrup",
      "gtfo_beetroot_soup": "Beetroot Soup",
      "titanium_carbide": "Liquid Titanium Carbide",
      "phosphoric_acid": "Phosphoric Acid",
      "binnie.liquor.elderberry": "Elderberry Liquor",
      "sodium_persulfate": "Sodium Persulfate",
      "wood_tar": "Wood Tar",
      "mead": "Mead",
      "molten.enriched_naquadah_trinium_europium_duranide": "Molten Enriched Naquadah Trinium Europium Duranide",
      "severely_hydrocracked_naphtha": "Severely Hydro-Cracked Naphtha",
      "experience": "Essence of Knowledge",
      "acetic_acid": "Acetic Acid",
      "sulfuric_nickel_solution": "Sulfuric Nickel Solution",
      "plasma_hd": "Hydrogen-Deuterium Plasma",
      "manasteel": "Molten Manasteel",
      "tamoonwater": "Moonwater",
      "binnie.liqueur.blackcurrant": "Blackcurrant Liqueur",
      "alumite": "Molten Alumite",
      "binnie.liqueur.coffee": "Coffee Liqueur",
      "incoloy_ma_956": "Liquid Incoloy-MA956",
      "polyvinyl_chloride": "Liquid Polyvinyl Chloride (PVC)",
      "cryotheum": "Gelid Cryotheum",
      "octane": "Octane",
      "water": "Water",
      "cupronickel": "Liquid Cupronickel",
      "resin": "Resin",
      "molten.uranium_triplatinum": "Molten Uranium Triplatinum",
      "binnie.liqueur.melon": "Melon Liqueur",
      "sugar": "Molten Sugar",
      "plasma_ht": "Hydrogen-Tritium Plasma",
      "blue_steel": "Liquid Blue Steel",
      "uf6": "Uranium Hexafluoride",
      "titanium": "Liquid Titanium",
      "green_sapphire": "Molten Green Sapphire",
      "gtfo_ice_cream_mixture": "Ice Cream Mixture",
      "radiosolvent": "High-Performance Solvent",
      "energetic_alloy": "Molten Energetic Alloy",
      "blockfluiddirt": "Liquid Dirt",
      "gtfo_marshmallow_foam": "Marshmallow Foam",
      "wrought_iron": "Liquid Wrought Iron",
      "lightoil": "Light Oil",
      "severely_hydrocracked_heavy_fuel": "Severely Hydro-Cracked Heavy Fuel",
      "gtfo_starch_filled_water": "Starch-Filled Water",
      "sap": "Sap",
      "gtfo_fungal_rennet_solution": "Fungal Rennet Solution",
      "blueslime": "Liquid Blue Slime",
      "nutrient_distillation": "Nutrient Distillation",
      "liquidsulfurtrioxide": "Liquid Sulfur Trioxide",
      "kerosene": "Kerosene",
      "polyvinyl_butyral": "Liquid Polyvinyl Butyral",
      "gtfo_heated_water": "Heated Water",
      "vanadium_gallium": "Liquid Vanadium-Gallium",
      "gtfo_apple_extract": "Apple Juice",
      "molten.watertight_steel": "Molten Watertight Steel",
      "impure_naquadria_solution": "Impure Naquadria Solution",
      "diamond": "Molten Diamond",
      "meat": "Liquid Meat",
      "nichrome": "Liquid Nichrome",
      "silicon_molten_ender": "Ender Blend",
      "gtfo_poor_quality_beer": "Poor-Quality Beer",
      "nether_air": "Nether Air",
      "brine": "Brine",
      "nitrochlorobenzene": "2-Nitrochlorobenzene",
      "tanzanite": "Molten Tanzanite",
      "darmstadtium": "Liquid Darmstadtium",
      "dye_brown": "Chemical Brown Dye",
      "binnie.juice.olive": "Olive Oil",
      "lifeessence": "Life Essence",
      "supremium": "Molten Supremium",
      "crackoil": "Cracked Oil",
      "rhodium": "Liquid Rhodium",
      "boiling_wort": "Boiling Wheat Wort",
      "cinderfire_whiskey": "Cinderfire Whiskey",
      "liquidoxygen": "Liquid Oxygen",
      "binnie.juice.apricot": "Apricot Juice",
      "milk": "Milk",
      "hydrocracked_ethylene": "Hydro-Cracked Ethylene",
      "binnie.juice.grapefruit": "Grapefruit Juice",
      "draconium": "Molten Draconium",
      "plastic": "Liquid Polyethylene (PE)",
      "liquid_death": "Liquid Death",
      "molten.molybdenum_disilicide": "Molten Molybdenum Disilicide",
      "smear": "Industrial Oil",
      "liquidchlorine": "Liquid Chlorine",
      "liquid_air": "Liquid Air",
      "binnie.juice.lime": "Lime Juice",
      "liquid_sunshine": "Liquid Sunshine",
      "binnie.liqueur.chocolate": "Chocolate Liqueur",
      "cloud_seed_concentrated": "Concentrated Cloud Seed",
      "glyceryl_trinitrate": "Glyceryl Trinitrate",
      "dye_gray": "Chemical Gray Dye",
      "gtfo_guaiacol": "Guaiacol",
      "astral_starmetal": "Molten Astral Starmetal",
      "refinedcanolaoil": "Refined Canola Oil",
      "liquid_nether_air": "Liquid Nether Air",
      "maraging_steel_300": "Liquid Maraging Steel 300",
      "gtfo_sludge": "Sludge",
      "malachite": "Molten Malachite",
      "gtfo_pressed_white_wort": "Pressed White Wort",
      "gtfo_wheaty_juice": "Wheaty Juice",
      "neodymium": "Liquid Neodymium",
      "krypton": "Krypton",
      "gtfo_cranberry_sludge": "Cranberry Sludge",
      "sewage": "Sewage",
      "dye_purple": "Chemical Purple Dye",
      "xpjuice": "Liquid XP",
      "bio.ethanol": "Ethanol",
      "dawnstone": "Molten Dawnstone",
      "rhodium_sulfate": "Rhodium Sulfate",
      "plasma.helium": "Helium Plasma",
      "molten.yttrium_barium_cuprate": "Molten Yttrium Barium Cuprate",
      "volcanic_lava_fluid": "Volcanic Lava",
      "enriched_naquadah_waste": "Enriched Naquadah Waste",
      "latex": "Latex",
      "molten.tantalum_carbide": "Molten Tantalum Carbide",
      "lithium": "Liquid Lithium",
      "cobalt_brass": "Liquid Cobalt Brass",
      "rubber": "Liquid Rubber",
      "gtfo_apple_syrup": "Apple Syrup",
      "refinedglowstone": "Refined Glowstone",
      "empoweredoil": "Empowered Oil",
      "hsss": "Liquid HSS-S",
      "diluted_hydrochloric_acid": "Diluted Hydrochloric Acid",
      "rabbitooze": "fluid.rabbitooze",
      "terrasteel": "Molten Terrasteel",
      "chrome": "Liquid Chrome",
      "isoprene": "Isoprene",
      "vapor_of_levity": "Vapor of Levity",
      "stainless_steel": "Liquid Stainless Steel",
      "nitrous_oxide": "Nitrous Oxide",
      "hastelloy_c_276": "Liquid Hastelloy-C276",
      "sharacid": "fluid.sharacid",
      "soularium": "Molten Soularium",
      "hsse": "Liquid HSS-E",
      "hotcrackoil": "Hot Cracked Oil",
      "hssg": "Liquid HSS-G",
      "molten.hastelloy_x": "Molten Hastelloy-X",
      "binnie.liquor.apricot": "Apricot Liquor",
      "binnie.brandy.cherry": "Cherry Brandy",
      "polytetrafluoroethylene": "Liquid Polytetrafluoroethylene (PTFE)",
      "titanium_tungsten_carbide": "Liquid Titanium Tungsten Carbide",
      "solvent": "Solvent",
      "binnie.juice.peach": "Peach Juice",
      "bisphenol_a": "Bisphenol A",
      "bacterial_sludge": "Bacterial Sludge",
      "gtfo_parmigiano_reggiano_starter": "Parmigiano-Reggiano Starter",
      "binnie.juice.elderberry": "Elderberry Juice",
      "iridium": "Molten Iridium",
      "binnie.juice": "Fruit Wine",
      "tin_alloy": "Liquid Tin Alloy",
      "molten.rhodium_plated_palladium": "Molten Rhodium Plated Palladium",
      "sterilized_growth_medium": "Sterilized Growth Medium",
      "gtfo_red_grapes_must": "Red Grapes Must",
      "binnie.wine.agave": "Agave Wine",
      "gas_dwarf": "Dwarven Fuel Gas",
      "potion": "Potion",
      "knightmetal": "Molten Knightmetal",
      "gasoline_premium": "High Octane Gasoline",
      "uranium_235": "Liquid Uranium 235",
      "black_steel": "Liquid Black Steel",
      "syrup": "Syrup",
      "natural_gas": "Natural Gas",
      "molten.mercury_barium_calcium_cuprate": "Molten Mercury Barium Calcium Cuprate",
      "dye_orange": "Chemical Orange Dye",
      "molten.kanthal": "Molten Kanthal",
      "chloroform": "Chloroform",
      "reinforced_epoxy_resin": "Liquid Fiber-Reinforced Epoxy Resin",
      "binnie.turpentine": "Turpentine",
      "iron": "Molten Iron",
      "liquidhydrogenchloride": "Liquid Hydrogen Chloride",
      "steamcracked_butene": "Steam-Cracked Butene",
      "silicon_molten_white": "Refined Silicon",
      "ichor": "Ichor",
      "tamoltencerulean": "Molten Cerulean",
      "fishoil": "Fish Oil",
      "dye_cyan": "Chemical Cyan Dye",
      "zinc": "Molten Zinc",
      "molten.niobium_titanium": "Molten Niobium-Titanium",
      "binnie.brandy.citrus": "Citrus Brandy",
      "binnie.spirit.sugarcane": "Cachaca",
      "liquiddna": "Liquid DNA",
      "mutagen": "Mutagen",
      "lanthanum": "Liquid Lanthanum",
      "heavyoil": "Heavy Oil",
      "intermedium": "Molten Intermedium",
      "severely_hydrocracked_gas": "Severely Hydro-Cracked Refinery Gas",
      "gtfo_hot_frying_oil": "Hot Frying Oil",
      "gtfo_rafanata_mixture": "Rafanata Mixture",
      "rocket_fuel": "Rocket Fuel",
      "liquidlithium": "Liquid Lithium",
      "ic2uu_matter": "UU-Matter",
      "carbon_monoxide": "Carbon Monoxide",
      "ooze": "fluid.ooze",
      "if.pink_slime": "Pink Slime",
      "ironwine": "Iron Wine",
      "titanium_molten": "Molten Titanium",
      "umber_ale": "Umber Ale [WIP]",
      "hot_spring_water": "Hot Spring Water",
      "severely_steamcracked_gas": "Severely Steam-Cracked Refinery Gas",
      "vinyl_acetate": "Vinyl Acetate",
      "ethanol": "Ethanol",
      "viscous_brew": "Viscous Brew",
      "duranium": "Liquid Duranium",
      "balefire": "Balefire Rocket Fuel",
      "gtfo_italian_buffalo_milk": "Italian Buffalo's Milk",
      "peridot": "Molten Peridot",
      "absinthe": "Absinthe",
      "liquid_oxygen": "Liquid Oxygen",
      "binnie.juice.pear": "Pear Juice",
      "fracksol": "Fracking Solution",
      "dinitrogen_tetroxide": "Dinitrogen Tetroxide",
      "styrene": "Styrene",
      "pyrotheum": "Blazing Pyrotheum",
      "puf6": "Plutonium Hexafluoride",
      "pulsating_iron": "Molten Pulsating Iron",
      "nether_quartz": "Molten Nether Quartz",
      "plasma.americium": "Americium Plasma",
      "reclaimed": "Reclaimed Industrial Oil",
      "nitration_mixture": "Nitration Mixture",
      "thaumium": "Molten Thaumium",
      "trinium": "Liquid Trinium",
      "dissolved_calcium_acetate": "Dissolved Calcium Acetate",
      "amber": "Molten Amber",
      "biocrude": "Biocrude",
      "constantan": "Molten Constantan",
      "molten.naquadah_alloy": "Molten Naquadah Alloy",
      "gtfo_etirps_cranberry": "Etirps Cranberry",
      "amat": "Antimatter",
      "binnie.juice.cranberry": "Cranberry Juice",
      "aluminium": "Liquid Aluminium",
      "uru": "Molten Uru",
      "adamantium": "Molten Adamantium",
      "liquid.biogas": "Biogas",
      "aschrab": "Antischrabidium",
      "grapejuice": "Grape Juice",
      "gtfo_acetaldehyde": "Acetaldehyde",
      "gtfo_white_wine": "White Wine",
      "electrical_steel": "Molten Electrical Steel",
      "gtfo_elderberry_jam": "Elderberry Jam",
      "battery_alloy": "Liquid Battery Alloy",
      "molten.tungsten_steel": "Molten Tungstensteel",
      "applejuice": "Apple Juice",
      "refined_life_essence": "Refined Life Essence",
      "enriched_uranium_hexafluoride": "Enriched Uranium Hexafluoride",
      "molten.uranium_rhodium_dinaquadide": "Molten Uranium Rhodium Dinaquadide",
      "platinum": "Molten Platinum",
      "binnie.wine.cranberry": "Cranberry Wine",
      "fluoroantimonic_acid": "Fluoroantimonic Acid",
      "enriched_naquadah_trinium_europium_duranide": "Liquid Enriched Naquadah Trinium Europium Duranide",
      "gtfo_sour_cream": "Sour Cream",
      "petroleum": "Petroleum Gas",
      "oxygen": "Oxygen Gas",
      "styrene_butadiene_rubber": "Liquid Styrene-Butadiene Rubber",
      "chlorobenzene": "Chlorobenzene",
      "binnie.rum.dark": "Dark Rum",
      "binnie.sap": "Sap",
      "dirt": "Liquid Dirt",
      "gtfo_alcoholic_red_grape_juice": "Alcoholic Red Grape Juice",
      "binnie.beer.ale": "Ale",
      "hotoil": "Hot Crude Oil",
      "gtfo_acetic_anhydride": "Acetic Anhydride",
      "binnie.liqueur.almond": "Almond Liqueur",
      "hydrocracked_propane": "Hydro-Cracked Propane",
      "lead_zinc_solution": "Lead-Zinc Solution",
      "polybenzimidazole": "Liquid Polybenzimidazole (PBI)",
      "coal": "Liquifacted Coal",
      "molten.trinaquadalloy": "Molten Trinaquadalloy",
      "gtfo_tomato_sauce": "Tomato Sauce",
      "mithril": "Molten Mithril",
      "potassium": "Liquid Potassium",
      "gtfo_carbonated_water": "Carbonated Water",
      "superhotsteam": "Super Dense Steam",
      "refinedobsidian": "Molten Refined Obsidian",
      "binnie.mash.corn": "Fermented Corn Mash",
      "hydrogen_sulfide": "Hydrogen Sulfide",
      "olivine": "Molten Olivine",
      "monazite": "Molten Monazite",
      "damascus_steel": "Liquid Damascus Steel",
      "blockfluidantimatter": "Liquid Antimatter",
      "lightly_hydrocracked_heavy_fuel": "Lightly Hydro-Cracked Heavy Fuel",
      "polycaprolactam": "Liquid Polycaprolactam",
      "oil": "Oil",
      "goldtitaniumalloy": "Molten Gold-Titanium-Alloy",
      "wildberryjuice": "Wildberry Juice",
      "if.ore_fluid_raw": "Raw Ore Meat",
      "ironberryjuice": "Ironberry Juice",
      "gtfo_macerated_white_grapes": "Macerated White Grapes",
      "phthalic_acid": "Phthalic Acid",
      "ethylbenzene": "Ethylbenzene",
      "hastelloy_x": "Liquid Hastelloy-X",
      "sulfur_dioxide": "Sulfur Dioxide",
      "fluid_molten_perditio": "Molten Entropy Infused Thaumium",
      "acidic_osmium_solution": "Acidic Osmium Solution",
      "fluid_quicksilver": "Quicksilver",
      "liquid_helium": "Liquid Helium",
      "ruby": "Molten Ruby",
      "distilled_water": "Distilled Water",
      "molten.rtm_alloy": "Molten RTM Alloy",
      "red_alloy": "Liquid Red Alloy",
      "opal": "Molten Opal",
      "magnesium_diboride": "Liquid Magnesium Diboride",
      "lubricant": "Lubricant",
      "gtfo_heated_ricotta_starter": "Heated Ricotta Starter",
      "oil_light": "Light Oil",
      "silicon_molten_black": "Molten Silicon",
      "glue": "Glue",
      "binnie.juice.plum": "Plum Juice",
      "watertight_steel": "Liquid Watertight Steel",
      "xenon": "Xenon Gas",
      "green_sapphire_slurry": "Green Sapphire Slurry",
      "borosilicate_glass": "Liquid Borosilicate Glass",
      "mirion": "Molten Mirion",
      "fluid_molten_ordo": "Molten Order Infused Thaumium",
      "ruthenium": "Liquid Ruthenium",
      "refinery_gas": "Refinery Gas",
      "yttrium": "Liquid Yttrium",
      "petroil": "Petroil",
      "thorium": "Liquid Thorium",
      "raw_growth_medium": "Raw Growth Medium",
      "invar": "Molten Invar",
      "monochloramine": "Monochloramine",
      "binnie.juice.carrot": "Carrot Juice",
      "helium_3": "Helium-3",
      "molybdenum": "Liquid Molybdenum",
      "methyl_acetate": "Methyl Acetate",
      "yellorium": "Fluid Yellorium",
      "liquidsulfurdioxide": "Liquid Sulfur Dioxide",
      "gtfo_lemon_lime_solution": "Lemon-Lime Solution",
      "molten.maraging_steel_300": "Molten Maraging Steel 300",
      "binnie.bacteria.vector": "Bacteria Vector",
      "molten.osmiridium": "Molten Osmiridium",
      "moglava": "fluid.moglava",
      "bio_diesel": "Bio Diesel",
      "gtfo_lime_extract": "Lime Extract",
      "gtfo_agrodolce": "Agrodolce Sauce",
      "ultrahotsteam": "Ultra Dense Steam",
      "ruridit": "Liquid Ruridit",
      "binnie.tequila": "Tequila",
      "binnie.liquor.apple": "Apple Liquor",
      "molten.ruridit": "Molten Ruridit",
      "seed.oil": "Seed Oil",
      "gtfo_pasteurized_milk": "Pasteurized Milk",
      "diluted_sulfuric_acid": "Diluted Sulfuric Acid",
      "soldering_alloy": "Liquid Soldering Alloy",
      "molten.ruthenium_trinium_americium_neutronate": "Molten Ruthenium Trinium Americium Neutronate",
      "aerotheum": "Zephyrean Aerotheum",
      "dye_blue": "Chemical Blue Dye",
      "snowpoff": "Snowpoff Vodka",
      "wastefluid": "Liquid Nuclear Waste",
      "heatingoil": "Heating Oil",
      "gallium_arsenide": "Liquid Gallium Arsenide",
      "blue_topaz": "Molten Blue Topaz",
      "binnie.liqueur.peach": "Peach Liqueur",
      "silicon_molten_red": "Power Blend",
      "manganese": "Liquid Manganese",
      "naquadah": "Liquid Naquadah",
      "binnie.liqueur.mint": "Mint Liqueur",
      "binnie.wine.apricot": "Apricot Wine",
      "copper": "Molten Copper",
      "naquadah_alloy": "Liquid Naquadah Alloy",
      "gtfo_glyoxal": "Glyoxal",
      "gtfo_hfcs_solution": "High Fructose Corn Syrup Solution",
      "saltwater": "Salt Water",
      "nitrosyl_chloride": "Nitrosyl Chloride",
      "rutile": "Molten Rutile",
      "schrabidic": "Schrabidic Acid",
      "biomass": "Biomass",
      "antimony": "Liquid Antimony",
      "gtfo_moist_air": "Moist Air",
      "gtfo_sodium_carbonate_solution": "Sodium Carbonate Solution",
      "binnie.rum.white": "White Rum",
      "zeron_100": "Liquid Zeron-100",
      "gtfo_red_wine": "Red Wine",
      "gtfo_coffee": "Coffee",
      "gtfo_nitrophenols": "Nitrophenols",
      "unsaturateds": "Unsaturated Hydrocarbons",
      "alubrass": "Molten Aluminum Brass",
      "concentrated_acid": "Concentrated Acid",
      "mana": "Primal Mana",
      "flux_goo": "Flux Goo",
      "gtfo_hydrogen_cyanide": "Hydrogen Cyanide",
      "gtfo_melon_extract": "Melon Extract",
      "garnet_red": "Molten Garnet Red",
      "samarium": "Liquid Samarium",
      "polychlorinated_biphenyl": "Polychlorinated Biphenyl (PCB)",
      "aromatics": "Aromatic Hydrocarbons",
      "molten.titanium_carbide": "Molten Titanium Carbide",
      "dye_green": "Chemical Green Dye",
      "certus_quartz": "Molten Certus Quartz",
      "binnie.liqueur.herbal": "Herbal Liqueur",
      "ice": "Crushed Ice",
      "oil_soul": "Soul Crude",
      "steamcracked_propane": "Steam-Cracked Propane",
      "ethylene": "Ethylene",
      "enrichedlava": "Enriched Lava",
      "gtfo_coagulating_ricotta_solution": "Coagulating Ricotta Solution",
      "oil_medium": "Raw Oil",
      "lightly_hydrocracked_gas": "Lightly Hydro-Cracked Refinery Gas",
      "soulium": "Molten Soulium",
      "liquid.bitripentium": "Bitripentium-Fuel",
      "sulfuric_gas": "Sulfuric Gas",
      "obsidian": "Molten Obsidian",
      "tungsten_carbide": "Liquid Tungstencarbide",
      "sulfuric_naphtha": "Sulfuric Naphtha",
      "gtfo_cream": "Cream",
      "gtfo_hydrated_soybean_oil": "Hydrated Soybean Oil",
      "binnie.wine.carrot": "Carrot Wine",
      "tamoltenmoonstone": "Molten Moonstone",
      "binnie.wine.citrus": "Citrus Wine",
      "binnie.liqueur.banana": "Banana Liqueur",
      "gtfo_bolognese_sauce": "Bolognese Sauce",
      "gtfo_lingonberry_jam": "Lingonberry Jam",
      "binnie.beer.wheat": "Wheat Beer",
      "binnie.whiskey.rye": "Rye Whiskey",
      "stellite_100": "Liquid Stellite-100",
      "dye_lime": "Chemical Lime Dye",
      "amethyst": "Molten Amethyst",
      "ethyl_tertbutyl_ether": "Ethyl Tert-Butyl Ether",
      "vesspoison": "fluid.vesspoison",
      "mana_fluid": "Mana",
      "black_bronze": "Liquid Black Bronze",
      "gtfo_cane_syrup": "Cane Syrup",
      "nitroglycerin": "Nitroglycerin",
      "liquiddeuterium": "Liquid Deuterium",
      "honey": "Honey",
      "binnie.juice.apple": "Apple Juice",
      "gas": "Natural Gas",
      "tetranitromethane": "Tetranitromethane",
      "binnie.liqueur.orange": "Orange Liqueur",
      "fluorine": "Fluorine Gas",
      "nickel": "Molten Nickel",
      "murky_water": "Murky Water",
      "crystal_water": "Crystal Water",
      "binnie.juice.white.grape": "White Grape Juice",
      "gtfo_gelatin_solution": "Gelatin Solution",
      "quartz_black": "Molten Quartz Black",
      "stone": "Seared Stone",
      "gtfo_energized_coffee": "Energizing Coffee",
      "construction_foam": "Construction Foam",
      "dichlorobenzene": "Dichlorobenzene",
      "conductive_iron": "Molten Conductive Iron",
      "binnie.juice.lemon": "Lemon Juice",
      "lightly_steamcracked_light_fuel": "Lightly Steam-Cracked Light Fuel",
      "allyl_chloride": "Allyl Chloride",
      "gtfo_egg": "Egg",
      "petrotheum": "Tectonic Petrotheum",
      "binnie.liqueur.lemon": "Lemon Liqueur",
      "redstone_alloy": "Molten Redstone Alloy",
      "gtfo_leninade": "Leninade",
      "sunfloweroil": "Sunflower Seed Oil",
      "cryogel": "Cryogel",
      "ender": "Resonant Ender",
      "gtfo_apple_candy_syrup": "Apple Candy Syrup",
      "americium": "Liquid Americium",
      "cloud_seed": "Cloud Seed",
      "refined_fuel": "Refined Fuel",
      "uranium_hexafluoride": "Uranium Hexafluoride",
      "gtfo_blue_vitriol": "Blue Vitriol",
      "fluid_molten_aer": "Molten Air Infused Thaumium",
      "gtfo_yolk": "Yolk",
      "fluid_molten_aqua": "Molten Water Infused Thaumium",
      "molten.hastelloy_c_276": "Molten Hastelloy-C276",
      "dye_light_blue": "Chemical Light Blue Dye",
      "rose_gold": "Liquid Rose Gold",
      "nitrobenzene": "Nitrobenzene",
      "tritium": "Tritium Gas",
      "fish_oil": "Fish Oil",
      "superium": "Molten Superium",
      "binnie.liquor.cherry": "Cherry Liquor",
      "gtfo_mixed_pasta_e_fagioli": "Mixed Pasta e fagioli",
      "gtfo_vitello_tonnato_sauce": "Vitello Tonnato Sauce",
      "argon": "Argon Gas",
      "steel": "Molten Steel",
      "binnie.beer.rye": "Rye Beer",
      "xu_demonic_metal": "Molten Demon Metal",
      "diesel": "Diesel",
      "gtfo_citric_acid": "Citric Acid",
      "sapphire_slurry": "Sapphire Slurry",
      "short.mead": "Short Mead",
      "binnie.wine.white": "White Wine",
      "magnalium": "Liquid Magnalium",
      "refined_oil": "Naphtha",
      "starmetal": "Molten Starmetal",
      "cumene": "Cumene",
      "intertium": "Molten Intertium",
      "manganese_phosphide": "Liquid Manganese Phosphide",
      "blaze": "Liquid Blaze",
      "dimethylhydrazine": "1,1-Dimethylhydrazine",
      "methanol": "Methanol",
      "gtfo_cough_syrup": "Cough Syrup",
      "nitric_acid": "Nitric Acid",
      "hotcoolant": "Hot Coolant",
      "severely_steamcracked_naphtha": "Severely Steam-Cracked Naphtha",
      "magnetite": "Molten Magnetite",
      "dragonsteel_fire": "Molten Fire Dragonsteel",
      "binnie.juice.orange": "Orange Juice",
      "binnie.brandy.grape": "Brandy",
      "lutetium": "Liquid Lutetium",
      "juice": "Fruit Juice",
      "naphtha": "Naphtha",
      "uu_matter": "UU-Matter",
      "charged_certus_quartz": "Molten Charged Certus Quartz",
      "lead": "Molten Lead",
      "inner_fire": "Inner Fire Ale",
      "coal_tar": "Coal Tar",
      "kanthal": "Liquid Kanthal",
      "ethane": "Ethane",
      "dye_pink": "Chemical Pink Dye",
      "osmiridium": "Liquid Osmiridium",
      "sulfur_trioxide": "Sulfur Trioxide",
      "corium_fluid": "Corium",
      "gtfo_aniline": "Aniline",
      "pyrope": "Molten Pyrope",
      "shimmerdew_wort": "Shimmerdew Wort",
      "oliveoil": "Olive Oil",
      "molten.indium_tin_barium_titanium_cuprate": "Molten Indium Tin Barium Titanium Cuprate",
      "gtfo_tomato_bolognese_sauce": "Tomato Bolognese Sauce",
      "lightly_steamcracked_heavy_fuel": "Lightly Steam-Cracked Heavy Fuel",
      "gtfo_etirps": "Etirps™",
      "butadiene": "Butadiene",
      "binnie.brandy.pear": "Pear Brandy",
      "gtfo_frying_oil": "Frying Oil",
      "cyanite": "Fluid Cyanite",
      "dye_yellow": "Chemical Yellow Dye",
      "inferium": "Molten Inferium",
      "gtfo_beer_batter": "Beer Batter",
      "plutonium": "Liquid Plutonium 239",
      "steamcracked_propene": "Steam-Cracked Propene",
      "binnie.mash.rye": "Fermented Rye Mash",
      "tungsten_steel": "Liquid Tungstensteel",
      "carbon_dioxide": "Carbon Dioxide",
      "coal_gas": "Coal Gas",
      "concrete": "Liquid Concrete",
      "dye_black": "Chemical Black Dye",
      "gtfo_rubber_sap": "Rubber Sap",
      "mercury": "Mercury",
      "sterling_silver": "Liquid Sterling Silver",
      "colloid": "Colloid",
      "binnie.wine.fortified": "Fortified Wine",
      "trinaquadalloy": "Liquid Trinaquadalloy",
      "enderium": "Molten Enderium",
      "annealed_copper": "Liquid Annealed Copper",
      "steam": "Steam",
      "creosote": "Creosote Oil",
      "sludge": "Sludge",
      "molten_blood_infused_iron": "Molten Blood Infused Iron",
      "gtfo_perchloric_acid": "Perchloric Acid",
      "benzene": "Benzene",
      "lightly_steamcracked_gas": "Lightly Steam-Cracked Refinery Gas",
      "gtfo_chloroauric_acid": "Chloroauric Acid",
      "iron_iii_chloride": "Iron III Chloride",
      "gtfo_apple_cider": "Apple Cider",
      "indium_gallium_phosphide": "Liquid Indium Gallium Phosphide",
      "hsla_steel": "Liquid HSLA Steel",
      "gtfo_soybean_oil": "Refined Soybean Oil",
      "gtfo_lemon_lime_soda_syrup": "Lemon-Lime Soda Syrup",
      "binnie.bacteria": "Bacteria"
    }
  }
}